name,run_id,average_precision,roc_auc,brier,f1,precision,recall,precision_at_capacity,recall_at_capacity,lift_at_capacity,selected_count,prevalence,tn,fp,fn,tp,fit_seconds,p95_model_latency_ms
E01-prior,809c1d96b5834ee3acb5b5ec712bbc31,0.2654364797728886,0.5,0.19497996730765565,0.0,0.0,0.0,0.2765957446808511,0.20855614973262032,1.0420411878484468,282,0.2654364797728886,1035,0,374,0,0.011013299983460456,3.7111399899004027
E02-lr-c001,b2acc144bbb14f03a9d5790236700677,0.6683605675556629,0.8525769200961016,0.1345031638672055,0.5789473684210527,0.6875,0.5,0.6879432624113475,0.5187165775401069,2.5917434672128037,282,0.2654364797728886,950,85,187,187,0.01606220001121983,5.648074985947456
E03-lr-c01,b30b421b74bc48fdb84d091270f10377,0.6725828685757642,0.8552507168875455,0.13275312257169156,0.6005917159763313,0.6721854304635762,0.5427807486631016,0.6879432624113475,0.5187165775401069,2.5917434672128037,282,0.2654364797728886,936,99,171,203,0.023325799964368343,3.94836498890072
E04-lr-c1,c922f9527dfa4da1af3d9cfd38802b15,0.673749217651649,0.8563434860110053,0.1323525257905058,0.615606936416185,0.6698113207547169,0.56951871657754,0.6843971631205674,0.516042780748663,2.5783839648044906,282,0.2654364797728886,930,105,161,213,0.036181700008455664,4.904954976518636
E05-lr-c10,d7e93b8005774fb58ef013b623c3fb5c,0.6745865640082314,0.8564700715595854,0.13230710640798657,0.6187050359712231,0.6697819314641744,0.5748663101604278,0.6879432624113475,0.5187165775401069,2.5917434672128037,282,0.2654364797728886,929,106,159,215,0.032122000004164875,5.145085012190975
E06-lr-balanced,bec22537ac8046fcaea663b14fc3a8a1,0.6730671472735431,0.8559456457154667,0.1659853317159218,0.6355329949238578,0.5122749590834698,0.8368983957219251,0.6843971631205674,0.516042780748663,2.5783839648044906,282,0.2654364797728886,737,298,61,313,0.023289599979761988,5.6125700037227935
E07-rf-shallow,de922d32dd8b4f5a8d6c9b33c7f82748,0.6730684930100224,0.8578185951587486,0.13200371049183798,0.5691823899371069,0.6908396946564885,0.4839572192513369,0.6914893617021277,0.5213903743315508,2.605102969621117,282,0.2654364797728886,954,81,193,181,0.3130361999501474,12.211394988116806
E08-rf-deeper,02ff5d8609814b3a80f4f95e122fb403,0.672549804241439,0.8538376088248211,0.13215991785305023,0.5688350983358548,0.6550522648083623,0.5026737967914439,0.6631205673758865,0.5,2.49822695035461,282,0.2654364797728886,936,99,186,188,0.7257675000000745,16.447124994010665
E09-gb-slow,3a3a9045af104075890b8d437b43d209,0.6724724700034833,0.8556730992792373,0.132442711884118,0.573228346456693,0.6973180076628352,0.48663101604278075,0.6737588652482269,0.5080213903743316,2.53830545757955,282,0.2654364797728886,956,79,192,182,0.42943930003093556,3.799145010998472
E10-gb-fast,ea932cb75bb4460e8e3868505a85b666,0.6687407778119296,0.8528404247074323,0.1326233710907525,0.5880597014925373,0.6655405405405406,0.5267379679144385,0.6631205673758865,0.5,2.49822695035461,282,0.2654364797728886,936,99,177,197,0.5921863000257872,5.650760006392374
